{
  "assetsByChunkName": {
    "vendors~app-account~app-checkout~app-confirmation~app-order": "chunk.e5ab8735fbe3d2a9c9d6.js",
    "vendors~app-account~app-confirmation~app-order": "chunk.afc84a99722844414cce.js",
    "vendors~app-account~app-checkout": "chunk.bd3e26dcc2455836fc25.js",
    "admin": [
      "admin.03ff6cbbf3fe6b916e33.js",
      "admin.03ff6cbbf3fe6b916e33.js.map"
    ],
    "app-account": "chunk.31a463806bbc2153299e.js",
    "app-confirmation": "chunk.ed26aa5bef39db99fcbd.js",
    "app-order": "chunk.599cffc5d9f827c1dccb.js",
    "checkout": [
      "checkout.0762aa8f35ce8409b528.js",
      "checkout.0762aa8f35ce8409b528.js.map"
    ],
    "storefront": [
      "storefront.8c49991a19257434888a.css",
      "storefront.4a8a445f02ad1e8ae209.js",
      "storefront.8c49991a19257434888a.css.map",
      "storefront.4a8a445f02ad1e8ae209.js.map"
    ],
    "vendors~app-cart": "chunk.03ecff8e877d0d466a2d.js",
    "vendors~app-checkout": "chunk.e70f485e318f83c134a3.js"
  }
}