{
  "meta_title": "",
  "meta_description": "",
  "sections": [
    {
      "type": "banner-slider",
      "autoplay": 9000,
      "full_width": true,
      "slides": [
        {
          "start": "2022-04-07T03:31:56.831Z",
          "end": "",
          "img": "/img/uploads/onibusdeexcursoes-enviamos-correios-transportadoras-todoverde.jpg",
          "link": "https://api.whatsapp.com/send?phone=5511920096979&text=Ol%C3%A1"
        }
      ]
    },
    {
      "type": "banner-slider",
      "autoplay": 9000,
      "full_width": true,
      "slides": [
        {
          "start": "2022-04-07T02:11:00.717Z",
          "end": "2022-04-07T02:11:00.735Z",
          "img": "/img/uploads/onibusdeexcursoes-enviamos-correios-transportadoras-todoverde.jpg"
        }
      ]
    },
    {
      "type": "banner-slider",
      "autoplay": 9000,
      "full_width": true,
      "slides": [
        {
          "start": "",
          "end": "",
          "img": "/img/uploads/12endereco-todoverde-calcas-naoficamtransparentes.jpg"
        }
      ]
    },
    {
      "type": "banner-slider",
      "autoplay": 9000,
      "full_width": true,
      "slides": [
        {
          "start": "2022-04-07T02:11:35.698Z",
          "end": "2022-04-07T02:11:35.713Z",
          "img": "/img/uploads/123456.jpg"
        }
      ]
    },
    {
      "type": "banner-slider",
      "autoplay": 9000,
      "full_width": true,
      "slides": [
        {
          "start": "2022-04-07T02:12:14.990Z",
          "end": "",
          "img": "/img/uploads/calcas-flaneladas-inverno-peluciadas-quentinhas-termicas-atacado-bras-calcasflaneladas-calcastermicas-calcasquenaoficamtransparentes-bras-bomretiro.jpg",
          "link": "https://www.lojastodoverde.com.br/flaneladas/"
        }
      ]
    },
    {
      "type": "banner-slider",
      "autoplay": 9000,
      "full_width": true,
      "slides": [
        {
          "start": "2022-04-07T02:14:18.341Z",
          "end": "",
          "img": "/img/uploads/todoverde-calcas-tricot-atacado-blusas-vestidos-cropped-malha-bras-roupabarata-bomretiro-ademarmalhas.png"
        }
      ]
    },
    {
      "type": "banners-grid",
      "banners": [
        {
          "img": "/img/uploads/legging-todoverde-pecaspararevenda-bras-atacado.jpg"
        },
        {
          "img": "/img/uploads/skinny-todoverde-pecaspararevenda-bras-atacado.jpg"
        },
        {
          "img": "/img/uploads/jogger-todoverde-pecaspararevenda-bras-atacado.jpg"
        }
      ]
    },
    {
      "type": "banners-grid",
      "banners": [
        {
          "img": "/img/uploads/a1-shorts-todoverde-pecaspararevenda-bras-atacado.jpg"
        },
        {
          "img": "/img/uploads/flare-todoverde-pecaspararevenda-bras-atacado.jpg"
        },
        {
          "img": "/img/uploads/senhoras-todoverde-pecaspararevenda-bras-atacado.jpg"
        }
      ]
    },
    {
      "type": "info-bar",
      "enabled": true
    },
    {
      "type": "collection-shelf",
      "shuffle": true,
      "collection_id": "62487e212e405e04ff19110e:categories:TODOS OS PRODUTOS:/todos-os-produtos/",
      "sort": "news",
      "title": "Lançamentos",
      "headless": false,
      "limit": 20,
      "page": 1
    }
  ]
}